{
    "docker": {
        "use_buildkit": "true",
        "image_name": "redpill-tool-chain",
        "download_folder": "docker/downloads",
        "local_rp_load_use": "false",
        "local_rp_load_path": "./redpill-load",
        "auto_clean": "false"
    },
    "build_configs": [
        {
            "id": "bromolow-6.2.4-25556",
            "platform_version": "bromolow-6.2.4-25556",
            "user_config_json": "bromolow_user_config.json",
            "docker_base_image": "debian:8-slim",
            "compile_with": "kernel",
            "download_urls": {
                "kernel": "https://sourceforge.net/projects/dsgpl/files/Synology%20NAS%20GPL%20Source/25426branch/bromolow-source/linux-3.10.x.txz/download",
                "toolkit_dev": "https://sourceforge.net/projects/dsgpl/files/toolkit/DSM6.2/ds.bromolow-6.2.dev.txz/download"
            },
            "redpill_lkm": {
                "source_url": "https://github.com/RedPill-TTG/redpill-lkm.git",
                "branch": "master"
            },
            "redpill_load": {
                "source_url": "https://github.com/RedPill-TTG/redpill-load.git",
                "branch": "master"
            }
        },
        {
            "id": "bromolow-7.0-41222",
            "platform_version": "bromolow-7.0-41222",
            "user_config_json": "bromolow_user_config.json",
            "docker_base_image": "debian:8-slim",
            "compile_with": "toolkit_dev",
            "download_urls": {
                "kernel": "https://sourceforge.net/projects/dsgpl/files/Synology%20NAS%20GPL%20Source/25426branch/bromolow-source/linux-3.10.x.txz/download",
                "toolkit_dev": "https://sourceforge.net/projects/dsgpl/files/toolkit/DSM7.0/ds.bromolow-7.0.dev.txz/download"
            },
            "redpill_lkm": {
                "source_url": "https://github.com/RedPill-TTG/redpill-lkm.git",
                "branch": "master"
            },
            "redpill_load": {
                "source_url": "https://github.com/RedPill-TTG/redpill-load.git",
                "branch": "master"
            }
        },
        {
            "id": "bromolow-7.0.1-42214",
            "platform_version": "bromolow-7.0.1-42214",
            "user_config_json": "bromolow_user_config.json",
            "docker_base_image": "debian:8-slim",
            "compile_with": "toolkit_dev",
            "download_urls": {
                "kernel": "https://sourceforge.net/projects/dsgpl/files/Synology%20NAS%20GPL%20Source/25426branch/bromolow-source/linux-3.10.x.txz/download",
                "toolkit_dev": "https://sourceforge.net/projects/dsgpl/files/toolkit/DSM7.0/ds.bromolow-7.0.dev.txz/download"
            },
            "redpill_lkm": {
                "source_url": "https://github.com/RedPill-TTG/redpill-lkm.git",
                "branch": "master"
            },
            "redpill_load": {
                "source_url": "https://github.com/jumkey/redpill-load.git",
                "branch": "develop"
            }
        },
        {
            "id": "apollolake-6.2.4-25556",
            "platform_version": "apollolake-6.2.4-25556",
            "user_config_json": "apollolake_user_config.json",
            "docker_base_image": "debian:8-slim",
            "compile_with": "kernel",
            "download_urls": {
                "kernel": "https://sourceforge.net/projects/dsgpl/files/Synology%20NAS%20GPL%20Source/25426branch/apollolake-source/linux-4.4.x.txz/download",
                "toolkit_dev": "https://sourceforge.net/projects/dsgpl/files/toolkit/DSM6.2/ds.apollolake-6.2.dev.txz/download"
            },
            "redpill_lkm": {
                "source_url": "https://github.com/RedPill-TTG/redpill-lkm.git",
                "branch": "master"
            },
            "redpill_load": {
                "source_url": "https://github.com/RedPill-TTG/redpill-load.git",
                "branch": "master"
            }
        },
        {
            "id": "apollolake-7.0-41890",
            "platform_version": "apollolake-7.0-41890",
            "user_config_json": "apollolake_user_config.json",
            "docker_base_image": "debian:10-slim",
            "compile_with": "toolkit_dev",
            "download_urls": {
                "kernel": "https://sourceforge.net/projects/dsgpl/files/Synology%20NAS%20GPL%20Source/25426branch/apollolake-source/linux-4.4.x.txz/download",
                "toolkit_dev": "https://sourceforge.net/projects/dsgpl/files/toolkit/DSM7.0/ds.apollolake-7.0.dev.txz/download"
            },
            "redpill_lkm": {
                "source_url": "https://github.com/RedPill-TTG/redpill-lkm.git",
                "branch": "master"
            },
            "redpill_load": {
                "source_url": "https://github.com/RedPill-TTG/redpill-load.git",
                "branch": "master"
            }
        },
        {
            "id": "apollolake-7.0.1-42214",
            "platform_version": "apollolake-7.0.1-42214",
            "user_config_json": "apollolake_user_config.json",
            "docker_base_image": "debian:10-slim",
            "compile_with": "toolkit_dev",
            "download_urls": {
                "kernel": "https://sourceforge.net/projects/dsgpl/files/Synology%20NAS%20GPL%20Source/25426branch/apollolake-source/linux-4.4.x.txz/download",
                "toolkit_dev": "https://sourceforge.net/projects/dsgpl/files/toolkit/DSM7.0/ds.apollolake-7.0.dev.txz/download"
            },
            "redpill_lkm": {
                "source_url": "https://github.com/RedPill-TTG/redpill-lkm.git",
                "branch": "master"
            },
            "redpill_load": {
                "source_url": "https://github.com/chchia/redpill-load.git",
                "branch": "master"
            }
        }
    ]
}